City_ID,City,Country,Date,Lat,Lng,Max Temp,Humidity,Cloudiness,Wind Speed
0,Luwuk,ID,2021-08-13 02:07:18,-0.9516,122.7875,302.22,71,54,2.45
1,Yellowknife,CA,2021-08-13 02:07:31,62.456,-114.3525,288.74,61,56,3.75
2,Kapaa,US,2021-08-13 02:07:31,22.0752,-159.319,303.14,66,40,0.89
3,Hasaki,JP,2021-08-13 02:07:32,35.7333,140.8333,296.37,91,100,0.63
4,Bethel,US,2021-08-13 02:17:19,41.3712,-73.414,300.61,76,1,0.0
5,Maldonado,UY,2021-08-13 02:17:19,-34.6667,-54.9167,278.83,93,0,1.82
6,Hobart,AU,2021-08-13 02:07:32,-42.8794,147.3294,287.07,59,75,1.34
7,Iqaluit,CA,2021-08-13 02:15:27,63.7506,-68.5145,278.0,100,90,1.54
8,Sola,VU,2021-08-13 02:17:20,-13.8833,167.55,298.72,78,32,10.19
9,Mataura,NZ,2021-08-13 02:13:39,-46.1927,168.8643,284.53,62,7,1.89
10,Dingle,PH,2021-08-13 02:15:00,10.9995,122.6711,303.5,67,53,2.61
11,Qaanaaq,GL,2021-08-13 02:17:21,77.484,-69.3632,276.22,71,18,1.4
12,Chuy,UY,2021-08-13 02:17:21,-33.6971,-53.4616,279.57,87,0,2.3
13,Punta Arenas,CL,2021-08-13 02:13:43,-53.15,-70.9167,280.91,81,94,11.12
14,Hilo,US,2021-08-13 02:17:21,19.7297,-155.09,301.0,72,40,4.63
15,Saldanha,ZA,2021-08-13 02:17:22,-33.0117,17.9442,280.18,72,0,6.6
16,Flinders,AU,2021-08-13 02:07:36,-34.5833,150.8552,292.62,49,0,1.34
17,Ushuaia,AR,2021-08-13 02:07:36,-54.8,-68.3,277.56,95,93,1.74
18,Nikolskoye,RU,2021-08-13 02:07:36,59.7035,30.7861,291.09,94,100,6.3
19,Ancud,CL,2021-08-13 02:07:37,-41.8697,-73.8203,277.89,89,0,1.29
20,Port Elizabeth,ZA,2021-08-13 02:05:04,-33.918,25.5701,284.95,65,98,3.36
21,Lebu,CL,2021-08-13 02:07:37,-37.6167,-73.65,281.33,82,0,1.73
22,Grand-Lahou,CI,2021-08-13 02:07:37,5.1367,-5.0242,296.96,86,100,3.41
23,Ialibu,PG,2021-08-13 02:07:38,-6.2821,143.9935,293.06,69,41,2.08
24,Nanortalik,GL,2021-08-13 02:07:38,60.1432,-45.2371,280.01,83,78,3.79
25,Richards Bay,ZA,2021-08-13 02:07:39,-28.783,32.0377,289.11,71,100,8.15
26,Albany,US,2021-08-13 02:03:14,42.6001,-73.9662,297.21,94,82,4.64
27,Port Alfred,ZA,2021-08-13 02:07:39,-33.5906,26.891,285.14,69,68,4.72
28,Pangnirtung,CA,2021-08-13 02:07:39,66.1451,-65.7125,284.63,92,100,3.54
29,Comodoro Rivadavia,AR,2021-08-13 02:07:40,-45.8667,-67.5,289.07,27,0,3.6
30,Dikson,RU,2021-08-13 02:07:40,73.5069,80.5464,280.22,99,98,5.14
31,Ko Samui,TH,2021-08-13 02:07:41,9.5357,99.9357,301.43,74,100,7.29
32,Terre Haute,US,2021-08-13 02:07:32,39.4667,-87.4139,295.3,94,1,1.54
33,Souillac,MU,2021-08-13 02:07:41,-20.5167,57.5167,295.02,85,17,5.13
34,Cape Town,ZA,2021-08-13 02:07:41,-33.9258,18.4232,284.33,76,0,0.45
35,Sayat,TM,2021-08-13 02:07:42,38.7839,63.8803,300.36,27,0,4.15
36,Prainha,BR,2021-08-13 02:07:42,-1.8,-53.48,296.02,97,100,5.24
37,East London,ZA,2021-08-13 02:03:01,-33.0153,27.9116,286.77,62,98,5.62
38,Gouloure,BF,2021-08-13 02:07:43,12.2306,-1.9289,295.54,93,100,2.33
39,Busselton,AU,2021-08-13 02:07:43,-33.65,115.3333,285.95,75,100,2.94
40,Bluff,NZ,2021-08-13 02:07:43,-46.6,168.3333,284.71,72,15,7.16
41,Porto Nacional,BR,2021-08-13 02:03:54,-10.7081,-48.4172,299.52,31,51,1.11
42,Rikitea,PF,2021-08-13 02:07:44,-23.1203,-134.9692,296.83,83,6,6.45
43,Bandiagara,ML,2021-08-13 02:07:44,14.3501,-3.6104,298.66,69,100,3.91
44,Tuktoyaktuk,CA,2021-08-13 02:07:44,69.4541,-133.0374,278.66,95,100,5.53
45,Mahebourg,MU,2021-08-13 02:07:45,-20.4081,57.7,294.96,82,22,5.67
46,Dezhou,CN,2021-08-13 02:07:45,37.4486,116.2925,297.58,73,100,3.04
47,Komsomolskiy,UZ,2021-08-13 02:07:45,40.4272,71.7189,299.55,27,74,2.06
48,Aviles,ES,2021-08-13 02:07:46,43.5547,-5.9248,292.81,94,90,2.57
49,Ponta Do Sol,PT,2021-08-13 02:07:46,32.6667,-17.1,295.5,80,8,1.79
50,Ngunguru,NZ,2021-08-13 02:07:46,-35.6167,174.5,288.8,76,100,7.24
51,Kauhajoki,FI,2021-08-13 02:07:47,62.4333,22.1833,286.65,95,1,1.47
52,Teknaf,BD,2021-08-13 02:07:47,20.8624,92.3058,301.21,82,100,2.89
53,Ekhabi,RU,2021-08-13 02:07:47,53.5102,142.9671,295.55,53,63,4.04
54,Pandan,PH,2021-08-13 02:07:48,14.0453,124.1694,302.97,68,58,2.27
55,Kuminskiy,RU,2021-08-13 02:07:48,58.6667,66.5667,286.9,72,98,0.78
56,Jati,PK,2021-08-13 02:07:49,24.3539,68.2671,300.92,72,85,7.18
57,Tuatapere,NZ,2021-08-13 02:07:49,-46.1333,167.6833,284.72,64,15,1.52
58,Jiangyou,CN,2021-08-13 02:07:49,31.7667,104.7167,299.38,71,93,1.69
59,Arraial Do Cabo,BR,2021-08-13 02:07:50,-22.9661,-42.0278,293.59,84,100,7.8
60,Westport,US,2021-08-13 02:07:50,41.1415,-73.3579,302.23,80,1,1.34
61,Chokurdakh,RU,2021-08-13 02:07:50,70.6333,147.9167,286.27,81,100,3.56
62,Carnarvon,AU,2021-08-13 02:07:51,-24.8667,113.6333,292.19,26,0,3.6
63,Klyuchi,RU,2021-08-13 02:07:51,52.2667,79.1667,287.22,86,100,5.65
64,Coihaique,CL,2021-08-13 02:07:52,-45.5752,-72.0662,280.12,76,0,2.57
65,Dickinson,US,2021-08-13 02:07:52,29.4608,-95.0513,303.78,76,20,0.89
66,Jamestown,US,2021-08-13 02:07:52,42.097,-79.2353,297.92,86,1,2.24
67,Khandbari,NP,2021-08-13 02:07:53,27.3747,87.2039,297.61,84,95,0.21
68,Castro,BR,2021-08-13 02:05:10,-24.7911,-50.0119,282.21,98,100,3.65
69,Riyadh,SA,2021-08-13 02:04:24,24.6877,46.7219,303.23,14,9,1.09
70,Cidreira,BR,2021-08-13 02:07:53,-30.1811,-50.2056,286.71,80,100,3.29
71,Humaita,BR,2021-08-13 02:07:53,-7.5061,-63.0208,299.46,40,2,1.54
72,Severo-Kurilsk,RU,2021-08-13 02:07:54,50.6789,156.125,287.13,68,2,2.91
73,Vaini,TO,2021-08-13 02:07:54,-21.2,-175.2,296.24,78,40,5.66
74,Bambous Virieux,MU,2021-08-13 02:07:54,-20.3428,57.7575,294.94,81,30,5.53
75,Dalnegorsk,RU,2021-08-13 02:07:55,44.5604,135.5701,295.05,41,97,2.67
76,Concepcion Del Oro,MX,2021-08-13 02:07:55,24.6333,-101.4167,293.43,46,88,1.12
77,Vicente Guerrero,MX,2021-08-13 02:07:55,19.1194,-98.1708,285.81,78,98,0.4
78,Iranshahr,IR,2021-08-13 02:07:56,27.2025,60.6848,304.98,42,8,1.5
79,Atuona,PF,2021-08-13 02:07:56,-9.8,-139.0333,298.22,72,75,5.25
80,Biu,NG,2021-08-13 02:07:57,10.6129,12.1946,291.2,98,89,1.59
81,Thompson,CA,2021-08-13 02:07:57,55.7435,-97.8558,281.75,64,100,5.53
82,Kodiak,US,2021-08-13 02:07:57,57.79,-152.4072,286.88,72,75,2.06
83,Georgetown,MY,2021-08-13 02:07:58,5.4112,100.3354,301.98,79,20,0.89
84,Cururupu,BR,2021-08-13 02:07:08,-1.8283,-44.8683,297.71,95,100,2.99
85,Marsh Harbour,BS,2021-08-13 02:05:29,26.5412,-77.0636,301.87,75,54,5.91
86,Pisco,PE,2021-08-13 02:07:58,-13.7,-76.2167,289.18,82,0,3.09
87,Kjollefjord,NO,2021-08-13 02:07:59,70.9457,27.3465,284.34,87,100,1.21
88,Provideniya,RU,2021-08-13 02:07:59,64.3833,-173.3,278.21,75,75,6.0
89,Saint-Philippe,RE,2021-08-13 02:07:59,-21.3585,55.7679,293.9,82,40,3.63
90,Knysna,ZA,2021-08-13 02:08:00,-34.0363,23.0471,283.41,84,93,1.46
91,Barrow,US,2021-08-13 02:08:00,71.2906,-156.7887,276.16,75,90,4.63
92,Morehead,US,2021-08-13 02:08:01,37.2711,-87.1764,300.34,88,1,0.0
93,Dalen,NL,2021-08-13 02:08:01,52.6992,6.7556,290.58,94,100,1.17
94,Ust-Kuyga,RU,2021-08-13 02:08:02,70.0167,135.6,286.23,77,100,3.92
95,Astoria,US,2021-08-13 02:08:02,46.1879,-123.8313,301.97,84,1,2.57
96,Zaozerne,UA,2021-08-13 02:08:02,45.1582,33.2787,294.23,57,99,8.52
97,Tasiilaq,GL,2021-08-13 02:08:02,65.6145,-37.6368,281.24,71,100,1.65
98,Cherskiy,RU,2021-08-13 02:08:03,68.75,161.3,288.17,75,100,3.76
99,Torbay,CA,2021-08-13 02:05:30,47.6666,-52.7314,288.47,87,100,3.57
100,Srednekolymsk,RU,2021-08-13 02:08:03,67.45,153.6833,294.34,60,100,2.89
101,Auki,SB,2021-08-13 02:08:04,-8.7676,160.7034,296.81,94,100,1.33
102,Mahalapye,BW,2021-08-13 02:08:04,-23.1041,26.8142,289.06,30,1,2.43
103,Bud,US,2021-08-13 02:08:04,39.447,-86.1758,297.9,88,91,2.72
104,Singaraja,ID,2021-08-13 02:08:05,-8.112,115.0882,301.57,70,39,0.25
105,Gat,IL,2021-08-13 02:04:55,31.61,34.7642,299.48,73,0,1.23
106,Rocha,UY,2021-08-13 02:08:05,-34.4833,-54.3333,277.16,93,0,1.15
107,Hobyo,SO,2021-08-13 02:08:06,5.3505,48.5268,297.57,87,64,8.73
108,Clyde River,CA,2021-08-13 02:08:06,70.4692,-68.5914,276.28,100,90,5.66
109,Chippewa Falls,US,2021-08-13 02:08:06,44.9369,-91.3929,293.06,60,1,2.57
110,Ilulissat,GL,2021-08-13 02:08:07,69.2167,-51.1,282.16,57,20,3.09
111,Luangwa,ZM,2021-08-13 02:08:07,-15.6167,30.4167,287.88,59,0,0.87
112,Dongsheng,CN,2021-08-13 02:08:07,39.8161,109.9776,297.29,34,0,2.35
113,Riberalta,BO,2021-08-13 02:08:08,-10.9833,-66.1,295.97,50,5,1.46
114,Joensuu,FI,2021-08-13 02:08:08,62.6012,29.7632,289.41,86,0,2.06
115,Acapulco,MX,2021-08-13 02:08:08,16.8634,-99.8901,302.05,74,40,2.06
116,Upernavik,GL,2021-08-13 02:08:09,72.7868,-56.1549,279.41,87,100,4.84
117,Tateyama,JP,2021-08-13 02:08:09,34.9833,139.8667,298.11,88,75,4.63
118,Karratha,AU,2021-08-13 02:08:10,-20.7377,116.8463,296.82,22,0,7.15
119,Mayor Pablo Lagerenza,PY,2021-08-13 02:08:10,-19.9309,-60.7718,287.7,45,100,2.64
120,Sorong,ID,2021-08-13 02:08:10,-0.8833,131.25,300.89,76,21,0.77
121,Garowe,SO,2021-08-13 02:05:19,8.4054,48.4845,295.92,71,9,8.61
122,Dunedin,NZ,2021-08-13 02:08:11,-45.8742,170.5036,286.93,49,2,3.13
123,Maarianhamina,AX,2021-08-13 02:08:11,60.0973,19.9348,285.07,100,16,0.51
124,Raga,SS,2021-08-13 02:08:12,8.4596,25.678,292.97,98,91,1.78
125,Margate,GB,2021-08-13 02:04:42,51.3813,1.3862,288.99,89,0,0.89
126,Geraldton,AU,2021-08-13 02:08:12,-28.7667,114.6,285.38,71,0,7.2
127,Avarua,CK,2021-08-13 02:08:12,-21.2078,-159.775,292.18,88,75,8.75
128,Tieling,CN,2021-08-13 02:08:13,42.2931,123.8414,294.67,81,93,2.64
129,Mar Del Plata,AR,2021-08-13 02:08:13,-38.0023,-57.5575,277.16,93,0,2.57
130,Xining,CN,2021-08-13 02:08:13,36.6167,101.7667,290.43,55,3,0.33
131,Ribeira Grande,PT,2021-08-13 02:08:14,38.5167,-28.7,296.24,86,21,11.58
132,Klaksvik,FO,2021-08-13 02:08:14,62.2266,-6.589,285.66,92,98,6.51
133,Pevek,RU,2021-08-13 02:08:14,69.7008,170.3133,277.69,100,100,4.43
134,Lompoc,US,2021-08-13 02:03:46,34.6391,-120.4579,301.49,87,20,4.12
135,Matara,LK,2021-08-13 02:08:15,5.9485,80.5353,299.79,82,100,5.93
136,Vila Franca Do Campo,PT,2021-08-13 02:08:15,37.7167,-25.4333,296.38,81,53,4.88
137,Butaritari,KI,2021-08-13 02:08:15,3.0707,172.7902,300.89,77,35,3.27
138,Qaqortoq,GL,2021-08-13 02:08:16,60.7167,-46.0333,281.43,85,68,2.3
139,Padang,ID,2021-08-13 02:08:16,-0.9492,100.3543,299.18,72,51,0.41
140,Nkhotakota,MW,2021-08-13 02:08:16,-12.9274,34.2961,291.12,66,2,1.39
141,Nyurba,RU,2021-08-13 02:08:16,63.2842,118.3319,294.5,54,95,1.55
142,Margherita,IN,2021-08-13 02:08:17,27.2833,95.6833,299.86,99,100,1.35
143,Hermanus,ZA,2021-08-13 02:08:17,-34.4187,19.2345,284.21,77,13,4.36
144,Tianpeng,CN,2021-08-13 02:08:18,30.9866,103.9393,295.33,86,100,1.97
145,Saskylakh,RU,2021-08-13 02:08:18,71.9167,114.0833,281.1,76,100,4.69
146,Syamzha,RU,2021-08-13 02:08:18,60.0158,41.0614,288.09,99,100,1.83
147,Khatanga,RU,2021-08-13 02:08:19,71.9667,102.5,282.95,73,100,4.07
148,Bengkulu,ID,2021-08-13 02:08:19,-3.8004,102.2655,299.42,70,100,1.07
149,Dubti,ET,2021-08-13 02:08:19,11.7361,41.0853,302.2,60,96,4.11
150,Kaitangata,NZ,2021-08-13 02:08:20,-46.2817,169.8464,284.66,63,6,3.27
151,Tomatlan,MX,2021-08-13 02:08:20,19.9333,-105.25,298.34,89,34,0.68
152,Yokadouma,CM,2021-08-13 02:08:20,3.5167,15.05,293.57,94,100,0.32
153,Lahij,YE,2021-08-13 02:08:20,13.1667,44.5833,301.64,59,100,2.59
154,Nevesinje,BA,2021-08-13 02:08:21,43.2586,18.1133,289.0,60,2,3.62
155,Wasilla,US,2021-08-13 02:05:33,61.5814,-149.4394,288.78,91,90,0.0
156,Kattivakkam,IN,2021-08-13 02:08:21,13.2167,80.3167,302.2,74,100,3.11
157,Aras,ES,2021-08-13 02:08:22,42.5617,-2.356,291.38,77,0,3.6
158,Mount Pleasant,US,2021-08-13 02:08:22,32.7941,-79.8626,302.03,85,20,0.45
159,Tachov,CZ,2021-08-13 02:08:22,49.7953,12.6337,288.6,87,100,0.49
160,San Ignacio,BZ,2021-08-13 02:08:23,17.1561,-89.0714,299.23,94,0,2.06
161,Faanui,PF,2021-08-13 02:08:23,-16.4833,-151.75,299.25,68,5,5.76
162,Kruisfontein,ZA,2021-08-13 02:08:24,-34.0033,24.7314,282.33,75,85,1.12
163,Saint-Joseph,RE,2021-08-13 02:08:24,-21.3667,55.6167,293.35,81,19,2.03
164,Teahupoo,PF,2021-08-13 02:08:24,-17.8333,-149.2667,298.13,75,15,5.98
165,Buala,SB,2021-08-13 02:08:25,-8.145,159.5921,297.88,92,100,3.7
166,Saint-Augustin,CA,2021-08-13 02:08:25,51.226,-58.6502,289.53,97,99,1.74
167,Hambantota,LK,2021-08-13 02:08:25,6.1241,81.1185,299.34,89,40,2.06
168,Mnogovershinnyy,RU,2021-08-13 02:08:26,53.9353,139.9242,296.76,45,0,1.61
169,Akdepe,TM,2021-08-13 02:08:26,42.0551,59.3788,295.2,28,0,5.28
170,Phalaborwa,ZA,2021-08-13 02:08:27,-23.943,31.1411,290.51,63,94,8.67
171,Hamilton,US,2021-08-13 02:07:07,39.1834,-84.5333,301.81,74,20,0.89
172,Fairbanks,US,2021-08-13 02:04:25,64.8378,-147.7164,288.34,84,90,4.12
173,Ayabaca,PE,2021-08-13 02:08:27,-4.6398,-79.7149,281.02,86,40,1.77
174,Slave Lake,CA,2021-08-13 02:03:54,55.2834,-114.769,292.48,53,99,3.85
175,Billings,US,2021-08-13 02:07:10,45.7833,-108.5007,298.35,34,1,6.69
176,Hithadhoo,MV,2021-08-13 02:08:28,-0.6,73.0833,300.1,76,100,4.57
177,Bull Savanna,JM,2021-08-13 02:08:28,17.8868,-77.5902,298.41,82,94,3.03
178,Pitimbu,BR,2021-08-13 02:08:28,-7.4706,-34.8086,295.48,84,4,4.58
179,Dudinka,RU,2021-08-13 02:08:29,69.4058,86.1778,285.02,61,99,5.16
180,Plettenberg Bay,ZA,2021-08-13 02:08:29,-34.0527,23.3716,283.81,78,89,2.06
181,Namatanai,PG,2021-08-13 02:08:29,-3.6667,152.4333,302.06,70,100,3.53
182,Olafsvik,IS,2021-08-13 02:08:29,64.8945,-23.7142,285.8,86,23,2.4
183,Kavieng,PG,2021-08-13 02:08:30,-2.5744,150.7967,300.66,77,100,4.26
184,Panormos,GR,2021-08-13 02:08:30,35.4182,24.6909,300.07,80,1,3.63
185,Buchanan,LR,2021-08-13 02:08:31,5.8808,-10.0467,298.13,85,99,5.75
186,Viedma,AR,2021-08-13 02:08:31,-40.8135,-62.9967,280.79,51,0,6.0
187,Yurty,RU,2021-08-13 02:08:31,56.0498,97.6348,294.12,69,65,1.04
188,Igarka,RU,2021-08-13 02:08:31,67.4667,86.5833,284.2,61,43,1.74
189,Miramar,US,2021-08-13 02:05:11,25.9873,-80.2323,302.16,85,1,1.54
190,Coromandel,BR,2021-08-13 02:08:32,-18.4733,-47.2003,291.99,38,5,2.38
191,Puerto Ayora,EC,2021-08-13 02:06:06,-0.7393,-90.3518,294.01,86,13,3.13
192,Meulaboh,ID,2021-08-13 02:08:32,4.1363,96.1285,298.99,86,100,3.33
193,Makat,KZ,2021-08-13 02:08:32,47.6469,53.3463,295.65,36,0,4.64
194,Esperance,AU,2021-08-13 02:08:33,-33.8667,121.9,287.64,63,4,4.66
195,Luderitz,NA,2021-08-13 02:08:33,-26.6481,15.1594,284.47,70,0,8.89
196,Bredasdorp,ZA,2021-08-13 02:08:33,-34.5322,20.0403,278.31,77,84,0.23
197,Catamarca,AR,2021-08-13 02:08:34,-28.4696,-65.7852,280.4,47,0,3.38
198,Asau,RO,2021-08-13 02:08:34,46.4333,26.4,290.24,81,55,1.44
199,Norman Wells,CA,2021-08-13 02:08:35,65.282,-126.8329,293.17,56,90,3.09
200,Huarmey,PE,2021-08-13 02:08:35,-10.0681,-78.1522,290.43,83,81,5.08
201,Hvolsvollur,IS,2021-08-13 02:08:36,63.7533,-20.2243,285.82,90,100,0.31
202,Coquimbo,CL,2021-08-13 02:08:36,-29.9533,-71.3436,283.0,81,90,1.54
203,Argos,GR,2021-08-13 02:08:36,37.6333,22.7333,302.47,40,0,1.98
204,Ulladulla,AU,2021-08-13 02:08:37,-35.35,150.4667,292.52,42,0,1.27
205,Vao,NC,2021-08-13 02:06:14,-22.6667,167.4833,293.02,66,89,7.28
206,Samarai,PG,2021-08-13 02:08:37,-10.6167,150.6667,299.16,85,98,6.45
207,Tuburan,PH,2021-08-13 02:08:38,6.6439,122.2736,301.78,71,88,0.78
208,Udachnyy,RU,2021-08-13 02:03:42,66.4167,112.4,290.9,62,100,4.12
209,Barra Patuca,HN,2021-08-13 02:08:38,15.8,-84.2833,299.75,81,98,2.96
210,Korla,CN,2021-08-13 02:08:38,41.7597,86.1469,303.15,23,78,1.54
211,Mareeba,AU,2021-08-13 02:08:39,-17.0,145.4333,300.62,58,57,3.94
212,Chicama,PE,2021-08-13 02:08:39,-7.8447,-79.1469,289.45,80,16,2.78
213,Labuhan,ID,2021-08-13 02:08:39,-6.8844,112.2051,301.66,66,98,3.0
214,Tilichiki,RU,2021-08-13 02:08:39,60.4667,166.1,291.06,61,21,3.6
215,Dentsville,US,2021-08-13 02:08:40,34.064,-80.9582,302.37,81,1,2.57
216,San Quintin,MX,2021-08-13 02:08:40,30.4833,-115.95,297.34,70,0,3.23
217,Natal,BR,2021-08-13 02:08:40,-5.795,-35.2094,295.51,94,40,1.54
218,Akyab,MM,2021-08-13 02:08:41,20.15,92.9,300.71,84,100,2.15
219,Baghdad,IQ,2021-08-13 02:04:50,33.3406,44.4009,309.1,19,0,3.6
220,Eureka,US,2021-08-13 02:04:06,40.8021,-124.1637,291.59,79,67,1.79
221,Araouane,ML,2021-08-13 02:08:42,18.9048,-3.5265,307.33,38,83,7.46
222,Miri,MY,2021-08-13 02:06:42,4.4148,114.0089,300.65,81,100,2.84
223,Ayan,RU,2021-08-13 02:08:42,56.45,138.1667,293.08,63,98,1.0
224,San Patricio,US,2021-08-13 02:08:43,28.017,-97.5169,303.1,67,57,5.32
225,Mitsamiouli,KM,2021-08-13 02:08:43,-11.3847,43.2844,297.51,74,1,2.84
226,Marystown,CA,2021-08-13 02:08:43,47.1666,-55.1483,288.31,96,100,4.16
227,Kassala,SD,2021-08-13 02:08:44,15.451,36.4,296.79,80,57,4.29
228,Rawson,AR,2021-08-13 02:08:44,-43.3002,-65.1023,284.45,34,0,4.68
229,Virginia Beach,US,2021-08-13 02:05:51,36.8529,-75.978,304.27,75,1,4.63
230,Berlevag,NO,2021-08-13 02:08:44,70.8578,29.0864,283.69,91,93,1.33
231,Swan River,CA,2021-08-13 02:04:16,52.1058,-101.2676,287.07,40,9,3.09
232,Wewak,PG,2021-08-13 02:08:45,-3.5534,143.6268,302.18,71,59,2.43
233,Nhulunbuy,AU,2021-08-13 02:08:45,-12.2333,136.7667,302.49,65,90,6.17
234,Isangel,VU,2021-08-13 02:08:46,-19.55,169.2667,298.21,61,40,5.66
235,Malindi,KE,2021-08-13 02:08:46,-3.2175,40.1191,296.73,87,55,5.99
236,Scarborough,GB,2021-08-13 02:08:08,54.2797,-0.4044,288.45,81,100,1.34
237,Whitehorse,CA,2021-08-13 02:08:47,60.7161,-135.0538,285.67,92,100,3.17
238,Antigonish,CA,2021-08-13 02:08:47,45.6169,-61.9986,295.4,95,66,1.79
239,Nisia Floresta,BR,2021-08-13 02:08:47,-6.0911,-35.2086,295.6,88,0,3.13
240,Port Lincoln,AU,2021-08-13 02:08:48,-34.7333,135.8667,288.6,67,7,4.76
241,Saint George,US,2021-08-13 02:07:44,37.1041,-113.5841,308.95,23,20,4.92
242,Flin Flon,CA,2021-08-13 02:08:48,54.7682,-101.865,284.78,53,64,1.93
243,Praia,CV,2021-08-13 02:08:48,14.9215,-23.5087,297.45,78,20,5.14
244,Mwaya,TZ,2021-08-13 02:08:49,-9.55,33.95,291.49,66,0,1.37
245,Natchez,US,2021-08-13 02:08:49,31.5604,-91.4032,298.84,88,1,0.0
246,Dubbo,AU,2021-08-13 02:04:49,-32.25,148.6167,288.22,47,0,5.66
247,Sambava,MG,2021-08-13 02:08:50,-14.2667,50.1667,292.48,89,42,3.18
248,Grand Gaube,MU,2021-08-13 02:08:50,-20.0064,57.6608,295.03,84,14,2.24
249,Touros,BR,2021-08-13 02:08:51,-5.1989,-35.4608,295.65,80,2,5.99
250,Hofn,IS,2021-08-13 02:08:51,64.2539,-15.2082,284.87,87,100,6.0
251,Krasnoselkup,RU,2021-08-13 02:08:52,65.7,82.4667,286.46,59,96,1.3
252,Victoria,HK,2021-08-13 02:08:05,22.2855,114.1577,304.24,80,92,0.89
253,Quang Ngai,VN,2021-08-13 02:08:52,15.1167,108.8,306.51,52,100,1.01
254,Salamiyah,SY,2021-08-13 02:08:52,35.0113,37.0532,296.69,72,0,2.75
255,Shetpe,KZ,2021-08-13 02:08:53,44.1667,52.1167,299.42,41,8,6.35
256,Assiniboia,CA,2021-08-13 02:08:53,49.6334,-105.9845,292.88,34,15,3.59
257,Sumbe,AO,2021-08-13 02:08:53,-11.2061,13.8437,294.26,88,45,1.56
258,Beringovskiy,RU,2021-08-13 02:07:08,63.05,179.3167,283.21,75,95,5.33
259,Solnechnyy,RU,2021-08-13 02:08:54,50.7214,136.6319,295.6,52,85,2.15
260,Talnakh,RU,2021-08-13 02:08:54,69.4865,88.3972,283.79,64,38,3.2
261,Tiksi,RU,2021-08-13 02:08:54,71.6872,128.8694,282.16,74,97,7.7
262,Aldan,RU,2021-08-13 02:08:55,58.6031,125.3894,296.09,46,57,1.24
263,San Rafael Del Sur,NI,2021-08-13 02:08:55,11.8485,-86.4384,299.72,74,100,3.71
264,Haines Junction,CA,2021-08-13 02:08:55,60.7522,-137.5108,285.94,87,100,3.3
265,Saint-Paul,RE,2021-08-13 02:08:56,-21.0096,55.2707,294.2,77,5,2.58
266,Narsaq,GL,2021-08-13 02:08:56,60.9167,-46.05,281.27,77,77,0.66
267,Seydi,TM,2021-08-13 02:08:56,39.4816,62.9137,299.73,30,0,4.13
268,San Policarpo,PH,2021-08-13 02:08:57,12.1791,125.5072,301.96,71,100,0.39
269,Zamosc,PL,2021-08-13 02:06:51,50.7231,23.252,285.06,78,1,1.41
270,Anadyr,RU,2021-08-13 02:05:31,64.75,177.4833,282.43,76,20,7.0
271,Antalaha,MG,2021-08-13 02:08:57,-14.9003,50.2788,291.88,86,2,2.58
272,Itarema,BR,2021-08-13 02:08:57,-2.9248,-39.9167,299.14,82,6,6.57
273,Airai,TL,2021-08-13 02:08:58,-8.9266,125.4092,296.11,48,42,2.8
274,Mezen,RU,2021-08-13 02:08:58,65.8522,44.24,288.91,95,100,2.69
275,Paamiut,GL,2021-08-13 02:08:59,61.994,-49.6678,279.75,83,82,4.5
276,Mocuba,MZ,2021-08-13 02:08:59,-16.8392,36.9856,289.58,93,4,1.21
277,Oksfjord,NO,2021-08-13 02:08:59,70.2396,22.3479,284.66,92,100,1.52
278,Hit,IQ,2021-08-13 02:09:00,33.6416,42.8251,305.86,24,0,4.1
279,Belomorsk,RU,2021-08-13 02:09:00,64.5232,34.7668,286.36,82,100,2.46
280,Yelyzavethradka,UA,2021-08-13 02:09:01,48.8038,32.4046,287.48,73,0,4.22
281,Zyryanka,RU,2021-08-13 02:09:01,65.75,150.85,297.73,40,26,2.57
282,Ostrovnoy,RU,2021-08-13 02:09:01,68.0531,39.5131,289.03,70,100,1.29
283,Gejiu,CN,2021-08-13 02:09:02,23.306,103.1635,289.99,90,100,1.61
284,Pathein,MM,2021-08-13 02:09:02,16.7833,94.7333,302.1,78,100,2.69
285,Buta,CD,2021-08-13 02:09:02,2.7858,24.73,293.44,99,100,0.6
286,Quatre Cocos,MU,2021-08-13 02:09:03,-20.2078,57.7625,294.87,81,38,5.39
287,Winslow,US,2021-08-13 02:09:03,35.0242,-110.6974,300.35,42,1,1.34
288,Oga,IT,2021-08-13 02:09:03,46.4631,10.347,288.53,82,54,0.45
289,Adelanto,US,2021-08-13 02:08:16,34.5828,-117.4092,306.47,26,4,5.81
290,Clonakilty,IE,2021-08-13 02:09:04,51.6231,-8.8706,285.71,80,100,7.27
291,Sabha,LY,2021-08-13 02:08:49,27.0377,14.4283,303.74,18,0,4.7
292,Kuloy,RU,2021-08-13 02:09:04,61.0305,42.4925,287.39,97,100,2.26
293,Koygorodok,RU,2021-08-13 02:09:04,60.445,50.9968,286.43,73,78,3.08
294,Los Llanos De Aridane,ES,2021-08-13 02:09:05,28.6585,-17.9182,294.01,85,20,5.14
295,Turayf,SA,2021-08-13 02:09:05,31.6725,38.6637,297.73,44,0,3.75
296,Burns Lake,CA,2021-08-13 02:09:05,54.2331,-125.7533,301.12,34,0,0.46
297,Huaraz,PE,2021-08-13 02:09:06,-9.5333,-77.5333,285.73,57,82,0.56
298,Longyearbyen,SJ,2021-08-13 02:09:06,78.2186,15.6401,278.06,100,75,4.63
299,Road Town,VG,2021-08-13 02:04:54,18.4167,-64.6167,301.04,79,100,9.83
300,Tambura,SS,2021-08-13 02:09:07,5.6,27.4667,293.24,97,84,1.4
301,Napoleon,US,2021-08-13 02:09:07,41.3923,-84.1252,299.49,94,100,4.11
302,Nome,US,2021-08-13 02:09:07,64.5011,-165.4064,283.8,62,1,4.63
303,Puerto Del Rosario,ES,2021-08-13 02:09:08,28.5004,-13.8627,296.01,73,1,6.69
304,Khasan,RU,2021-08-13 02:09:08,42.4308,130.6434,292.55,89,100,8.04
305,Constantine,DZ,2021-08-13 02:09:08,36.365,6.6147,302.31,16,6,1.53
306,Katsuura,JP,2021-08-13 02:09:08,35.1333,140.3,298.16,87,100,7.42
307,Jackson,US,2021-08-13 02:09:09,42.4165,-122.8345,311.01,24,90,2.57
308,Atasu,KZ,2021-08-13 02:09:09,48.6814,71.6433,287.11,73,89,8.0
309,Petropavlovsk-Kamchatskiy,RU,2021-08-13 02:09:10,53.0452,158.6483,291.48,55,20,3.0
310,Revelstoke,CA,2021-08-13 02:09:10,50.9832,-118.2023,300.96,44,0,1.5
311,Cumra,TR,2021-08-13 02:09:10,37.5732,32.7745,291.23,62,5,4.09
312,Mandsaur,IN,2021-08-13 02:09:11,24.0667,75.0667,297.35,85,100,4.89
313,Port Hedland,AU,2021-08-13 02:09:11,-20.3167,118.5667,299.18,15,0,6.17
314,Ariguani,CO,2021-08-13 02:09:11,10.25,-74.0,297.3,92,99,2.52
315,Biak,ID,2021-08-13 02:09:12,-0.9131,122.8766,300.95,70,53,2.77
316,Inhambane,MZ,2021-08-13 02:09:12,-23.865,35.3833,291.62,84,0,3.57
317,Illapel,CL,2021-08-13 02:09:12,-31.6308,-71.1653,282.77,84,2,0.8
318,Awjilah,LY,2021-08-13 02:09:13,29.1081,21.2869,302.21,46,0,6.07
319,Thinadhoo,MV,2021-08-13 02:09:13,0.5333,72.9333,300.51,76,100,7.8
320,Kuvandyk,RU,2021-08-13 02:09:14,51.4781,57.3552,286.03,48,4,2.69
321,Zapolyarnyy,RU,2021-08-13 02:09:14,69.4154,30.8136,283.75,96,100,3.26
322,Martinsicuro,IT,2021-08-13 02:09:14,42.8811,13.9145,300.21,48,0,2.4
323,Cayenne,GF,2021-08-13 02:09:14,4.9333,-52.3333,299.31,86,0,0.0
324,Beboto,TD,2021-08-13 02:09:15,8.2668,16.939,293.3,98,100,1.41
325,Oranjemund,NA,2021-08-13 02:09:16,-28.55,16.4333,283.35,76,0,7.02
326,Sibolga,ID,2021-08-13 02:09:16,1.7427,98.7792,300.63,74,91,0.57
327,Bera,BD,2021-08-13 02:09:16,24.0833,89.6167,301.95,84,99,6.35
328,Ouesso,CG,2021-08-13 02:09:16,1.6136,16.0517,294.24,96,82,1.53
329,Denpasar,ID,2021-08-13 02:08:53,-8.65,115.2167,300.96,83,75,6.69
330,Quelimane,MZ,2021-08-13 02:04:37,-17.8786,36.8883,293.12,88,0,0.0
331,Oschersleben,DE,2021-08-13 02:09:17,52.0333,11.25,290.68,74,97,2.24
332,Karasburg,NA,2021-08-13 02:09:17,-28.0167,18.75,276.91,75,1,2.56
333,Malakal,SS,2021-08-13 02:09:18,9.5334,31.6605,295.38,93,100,1.39
334,New Norfolk,AU,2021-08-13 02:09:18,-42.7826,147.0587,286.88,65,91,2.24
335,Topeka,US,2021-08-13 02:07:31,39.0483,-95.678,302.2,73,40,3.09
336,Vila Velha,BR,2021-08-13 02:06:22,-20.3297,-40.2925,294.12,88,75,1.03
337,Barhi,IN,2021-08-13 02:09:19,23.9,80.8,298.79,84,98,4.43
338,Groningen,NL,2021-08-13 02:08:00,53.25,6.75,289.28,61,100,2.7
339,Kralendijk,BQ,2021-08-13 02:09:20,12.15,-68.2667,301.14,83,75,5.14
340,Kamenka,RU,2021-08-13 02:09:20,51.3223,42.7678,292.38,95,32,3.51
341,Zhigansk,RU,2021-08-13 02:09:20,66.7697,123.3711,293.94,42,100,4.38
342,Taltal,CL,2021-08-13 02:09:20,-25.4,-70.4833,286.89,75,0,1.91
343,Magrath,CA,2021-08-13 02:09:21,49.4167,-112.8686,298.33,27,56,5.29
344,Honiara,SB,2021-08-13 02:05:40,-9.4333,159.95,300.77,81,99,4.21
345,Xai-Xai,MZ,2021-08-13 02:09:21,-25.0519,33.6442,293.33,73,99,8.74
346,Babu,CN,2021-08-13 02:09:22,24.4167,111.5167,302.9,75,98,1.95
347,Tucupita,VE,2021-08-13 02:09:22,9.0622,-62.051,297.04,97,98,1.35
348,Nizwa,OM,2021-08-13 02:09:23,22.9333,57.5333,304.6,38,98,0.57
349,Fort Nelson,CA,2021-08-13 02:09:23,58.8053,-122.7002,296.91,58,100,1.79
350,Sohag,EG,2021-08-13 02:09:23,26.557,31.6948,302.84,24,0,2.42
351,Bandarbeyla,SO,2021-08-13 02:09:24,9.4942,50.8122,296.94,86,71,10.17
352,Kulhudhuffushi,MV,2021-08-13 02:09:24,6.6221,73.07,301.2,73,100,7.35
353,Fortuna,US,2021-08-13 02:09:24,40.5982,-124.1573,291.44,81,20,0.45
354,Karsava,LV,2021-08-13 02:09:24,56.7841,27.6883,285.1,97,7,3.91
355,Fuyu,CN,2021-08-13 02:09:25,45.1833,124.8167,292.64,83,98,3.93
356,Maceio,BR,2021-08-13 02:09:25,-9.6658,-35.7353,295.84,94,40,1.54
357,High Level,CA,2021-08-13 02:09:25,58.5169,-117.136,293.66,55,99,3.01
358,North Bend,US,2021-08-13 02:09:26,43.4065,-124.2243,296.62,88,1,2.57
359,Balikpapan,ID,2021-08-13 02:09:26,-1.2675,116.8289,297.18,94,100,1.89
360,Fevik,NO,2021-08-13 02:09:26,58.3794,8.6766,290.02,92,100,2.65
361,Storslett,NO,2021-08-13 02:09:27,69.7678,21.0247,286.32,88,100,0.72
362,Tazovskiy,RU,2021-08-13 02:09:27,67.4667,78.7,287.7,69,100,3.17
363,Changtu,CN,2021-08-13 02:09:27,42.7788,124.0955,294.96,76,73,2.71
364,Malim,PH,2021-08-13 02:09:28,7.452,123.4312,301.17,73,64,1.42
365,Fiditi,NG,2021-08-13 02:09:28,7.7136,3.9172,294.51,98,94,1.46
366,Makurdi,NG,2021-08-13 02:09:29,7.7411,8.5121,295.52,97,99,1.71
367,Bathsheba,BB,2021-08-13 02:09:29,13.2167,-59.5167,299.49,89,40,3.6
368,Rio Grande,BR,2021-08-13 02:05:57,-32.035,-52.0986,278.68,81,98,4.06
369,Gwadar,PK,2021-08-13 02:09:29,25.1216,62.3254,299.31,82,88,2.61
370,Henties Bay,NA,2021-08-13 02:09:30,-22.116,14.2845,284.57,91,10,3.53
371,Faranah,GN,2021-08-13 02:09:30,10.0404,-10.7434,294.7,98,100,2.21
372,Tekeli,KZ,2021-08-13 02:09:30,44.83,78.8239,292.07,61,71,2.31
373,Port Macquarie,AU,2021-08-13 02:09:31,-31.4333,152.9167,292.13,57,39,1.68
374,Sitka,US,2021-08-13 02:07:20,57.0531,-135.33,290.09,88,90,4.63
375,Brae,GB,2021-08-13 02:09:31,60.3964,-1.353,286.1,91,53,3.92
376,Kyra,RU,2021-08-13 02:09:32,49.5776,111.9753,288.64,85,100,1.68
377,Chara,RU,2021-08-13 02:09:32,56.9064,118.2631,294.51,55,35,2.12
378,Alexandria,EG,2021-08-13 02:04:58,31.2156,29.9553,300.81,68,0,2.65
379,Springbok,ZA,2021-08-13 02:07:11,-29.6643,17.8865,276.06,81,0,4.48
380,Harper,LR,2021-08-13 02:09:33,4.375,-7.7169,298.05,77,100,5.87
381,Santander,ES,2021-08-13 02:09:33,43.4647,-3.8044,292.85,92,90,1.54
382,Belmonte,BR,2021-08-13 02:09:33,-15.8631,-38.8828,293.43,80,75,2.73
383,Sept-Iles,CA,2021-08-13 02:06:03,50.2001,-66.3821,291.51,97,100,2.24
384,Kyaikto,MM,2021-08-13 02:09:34,17.3,97.0167,301.3,80,55,3.37
385,Los Reyes,MX,2021-08-13 02:09:34,19.35,-98.9667,290.01,72,75,2.06
386,Vicar,ES,2021-08-13 02:09:35,36.8316,-2.6427,296.6,84,28,0.84
387,Bryant,US,2021-08-13 02:09:35,34.5959,-92.4891,305.36,64,7,4.01
388,Lienz,AT,2021-08-13 02:09:35,46.8289,12.769,292.7,88,94,1.9
389,Ixtapa,MX,2021-08-13 02:09:35,20.7,-105.2,301.72,65,90,1.54
390,Mehamn,NO,2021-08-13 02:09:36,71.0357,27.8492,284.2,89,100,0.71
391,Hoi An,VN,2021-08-13 02:05:12,15.8794,108.335,307.13,59,79,3.1
392,Lixourion,GR,2021-08-13 02:09:36,38.2019,20.4314,298.07,65,0,0.74
393,Charlottetown,CA,2021-08-13 02:09:37,46.2352,-63.1267,296.36,96,71,1.79
394,Vanimo,PG,2021-08-13 02:09:37,-2.6741,141.3028,302.61,66,100,2.73
395,Esna,EG,2021-08-13 02:09:37,25.2934,32.554,303.66,22,0,3.65
396,Cangzhou,CN,2021-08-13 02:05:10,38.3167,116.8667,299.65,63,100,2.88
397,Machakos,KE,2021-08-13 02:09:37,-1.5167,37.2667,285.75,90,87,1.32
398,Hurghada,EG,2021-08-13 02:04:46,27.2574,33.8129,303.17,32,0,4.52
399,Lagoa,PT,2021-08-13 02:09:38,39.05,-27.9833,295.89,82,4,8.23
400,Kikwit,CD,2021-08-13 02:09:38,-5.041,18.8162,297.41,65,13,1.0
401,Nishihara,JP,2021-08-13 02:09:38,26.1842,127.7558,301.96,84,75,6.69
402,Kizilskoye,RU,2021-08-13 02:09:39,52.7255,58.8937,284.13,58,47,2.48
403,Constitucion,CL,2021-08-13 02:05:56,-35.3333,-72.4167,281.28,87,0,0.66
404,Ahipara,NZ,2021-08-13 02:09:39,-35.1667,173.1667,287.23,90,100,6.04
405,Presidencia Roque Saenz Pena,AR,2021-08-13 02:09:40,-26.7852,-60.4388,280.64,51,11,2.61
406,Chissamba,AO,2021-08-13 02:09:40,-12.1667,17.3333,286.94,20,0,1.52
407,Ecatepec,MX,2021-08-13 02:09:41,19.6011,-99.0525,289.87,72,75,2.06
408,Booue,GA,2021-08-13 02:09:41,-0.0921,11.9385,295.64,86,81,1.15
409,Cap Malheureux,MU,2021-08-13 02:09:41,-19.9842,57.6142,295.08,84,15,2.24
410,Mayumba,GA,2021-08-13 02:09:41,-3.432,10.6554,295.73,89,44,1.2
411,Soe,ID,2021-08-13 02:07:17,-9.8607,124.284,299.68,48,7,5.17
412,Castrop-Rauxel,DE,2021-08-13 02:09:42,51.55,7.3167,291.48,89,71,1.26
413,Grants,US,2021-08-13 02:09:43,35.1473,-107.8514,295.28,46,90,4.63
414,Lorengau,PG,2021-08-13 02:09:43,-2.0226,147.2712,301.06,78,100,3.18
415,Yazykovo,RU,2021-08-13 02:09:43,55.2199,56.1353,285.1,59,48,2.13
416,Chinchina,CO,2021-08-13 02:09:43,4.9825,-75.6036,291.7,96,80,1.27
417,Acari,PE,2021-08-13 02:09:44,-15.4311,-74.6158,291.61,72,27,1.66
418,Ouro Preto Do Oeste,BR,2021-08-13 02:09:44,-10.7481,-62.2158,297.83,43,1,1.9
419,Kaeo,NZ,2021-08-13 02:09:45,-35.1,173.7833,288.89,86,100,5.95
420,Hokitika,NZ,2021-08-13 02:09:45,-42.7167,170.9667,285.02,72,15,4.17
421,Gursahaiganj,IN,2021-08-13 02:09:45,27.1167,79.7167,302.43,70,100,2.55
422,Imeni Zhelyabova,RU,2021-08-13 02:09:46,58.9544,36.5956,287.86,97,100,3.21
423,Rodrigues Alves,BR,2021-08-13 02:09:46,-7.738,-72.6509,298.09,57,56,1.04
424,Lata,PT,2021-08-13 02:09:47,40.1629,-8.3327,290.33,91,10,1.04
425,Le Mars,US,2021-08-13 02:09:47,42.7942,-96.1656,297.35,68,1,0.0
426,Codrington,AU,2021-08-13 02:09:41,-38.2667,141.9667,287.12,66,5,7.32
427,Half Moon Bay,US,2021-08-13 02:09:47,37.4636,-122.4286,302.1,76,75,0.45
428,Gospic,HR,2021-08-13 02:09:48,44.5461,15.3747,288.98,59,0,1.82
429,Faya,SA,2021-08-13 02:09:48,18.3851,42.4509,289.44,45,81,0.56
430,Vila Do Maio,CV,2021-08-13 02:09:49,15.1333,-23.2167,297.59,80,86,8.18
431,Toora-Khem,RU,2021-08-13 02:09:49,52.4675,96.11,292.31,61,2,1.1
432,Lagunas,PE,2021-08-13 02:09:49,-5.2269,-75.6753,297.98,80,92,0.94
433,Aksarka,RU,2021-08-13 02:09:50,66.5606,67.7975,287.23,88,100,4.35
434,Ahuimanu,US,2021-08-13 02:09:50,21.4447,-157.8378,302.67,63,40,4.63
435,Wahiawa,US,2021-08-13 02:09:50,21.5028,-158.0236,301.01,62,75,6.17
436,Naze,JP,2021-08-13 02:06:53,28.3667,129.4833,299.72,83,99,8.33
437,Maiduguri,NG,2021-08-13 02:09:51,11.8464,13.1603,293.93,96,73,3.01
438,Lucapa,AO,2021-08-13 02:05:12,-8.4192,20.7447,291.22,29,0,1.83
439,Pudoc,PH,2021-08-13 02:09:51,16.9215,120.4235,300.38,75,100,1.24
440,Mocorito,MX,2021-08-13 02:09:52,25.4833,-107.9167,299.41,80,75,1.79
441,Umm Lajj,SA,2021-08-13 02:09:52,25.0213,37.2685,304.07,49,0,4.24
442,Marsa Matruh,EG,2021-08-13 02:09:52,31.3525,27.2453,299.7,69,0,4.29
443,Keti Bandar,PK,2021-08-13 02:09:53,24.1447,67.4497,300.46,77,100,7.24
444,Port Hardy,CA,2021-08-13 02:09:53,50.6996,-127.4199,293.95,68,10,3.47
445,Pozo Colorado,PY,2021-08-13 02:09:53,-23.4923,-58.7972,281.65,61,16,1.69
446,Somerset,US,2021-08-13 02:09:54,40.5668,-74.5496,304.85,80,1,0.45
447,Port Blair,IN,2021-08-13 02:09:54,11.6667,92.75,301.7,75,100,5.81
448,Tibiri,NE,2021-08-13 02:09:54,13.5627,7.0485,297.36,83,100,4.74
449,Camopi,GF,2021-08-13 02:09:55,3.1655,-52.3158,296.15,98,100,1.03
450,Peterhead,GB,2021-08-13 02:09:55,57.5058,-1.7981,286.54,86,100,6.31
451,Chiang Khong,TH,2021-08-13 02:09:56,20.2613,100.4046,296.64,100,100,0.48
452,Konevo,RU,2021-08-13 02:09:56,62.1215,39.3192,289.92,99,100,2.25
453,Awbari,LY,2021-08-13 02:09:56,26.5921,12.7805,302.67,14,3,2.82
454,Praia Da Vitoria,PT,2021-08-13 02:09:56,38.7333,-27.0667,296.35,91,6,10.81
455,Puerto Narino,CO,2021-08-13 02:09:57,-3.7703,-70.3831,295.12,93,100,1.68
456,Golden,US,2021-08-13 02:08:14,39.7555,-105.2211,300.65,43,20,1.79
457,Mokrousovo,RU,2021-08-13 02:09:57,55.8103,66.7653,285.84,68,100,2.4
458,Ilesha,NG,2021-08-13 02:09:58,7.1371,5.2583,294.02,99,89,0.99
459,Zabaykalsk,RU,2021-08-13 02:09:58,49.6333,117.3167,286.99,93,92,5.63
460,Shizilu,CN,2021-08-13 02:09:58,35.1711,118.8289,297.7,84,100,3.74
461,Mujiayingzi,CN,2021-08-13 02:09:59,42.1167,118.7833,290.14,85,100,1.77
462,Kokopo,PG,2021-08-13 02:09:59,-4.352,152.2633,301.98,66,100,1.64
463,Turukhansk,RU,2021-08-13 02:09:55,65.8167,87.9833,285.27,58,0,4.18
464,Salalah,OM,2021-08-13 02:10:00,17.0151,54.0924,298.2,83,75,0.51
465,Port-Gentil,GA,2021-08-13 02:10:00,-0.7193,8.7815,298.07,78,40,4.48
466,Qinzhou,CN,2021-08-13 02:10:01,21.95,108.6167,304.37,69,84,7.48
467,Iwaki,JP,2021-08-13 02:10:04,37.05,140.8833,294.69,94,100,3.25
468,Mount Gambier,AU,2021-08-13 02:10:04,-37.8333,140.7667,288.1,63,1,7.2
469,Biloela,AU,2021-08-13 02:05:34,-24.4167,150.5,298.5,27,0,3.42
470,Oktyabrskiy,RU,2021-08-13 02:10:06,54.4815,53.471,286.88,43,3,2.08
471,Baluseni,RO,2021-08-13 02:10:06,47.6667,26.8,290.16,75,0,2.17
472,Mabaruma,GY,2021-08-13 02:10:07,8.2,-59.7833,296.3,99,94,1.06
473,Barentu,ER,2021-08-13 02:07:13,15.1139,37.5928,292.62,85,11,2.28
474,Tyup,KG,2021-08-13 02:10:07,42.7276,78.3648,290.04,65,8,0.75
475,Vitim,RU,2021-08-13 02:10:08,59.4511,112.5578,300.61,48,5,0.71
476,La Asuncion,VE,2021-08-13 02:10:08,11.0333,-63.8628,299.44,87,99,3.93
477,Ust-Kan,RU,2021-08-13 02:10:08,50.9276,84.761,286.48,87,100,1.23
478,Hvide Sande,DK,2021-08-13 02:10:09,56.0045,8.1294,290.93,87,100,5.9
479,Mount Isa,AU,2021-08-13 02:10:09,-20.7333,139.5,300.02,24,0,5.66
480,Ifakara,TZ,2021-08-13 02:10:09,-8.1333,36.6833,290.9,79,2,1.05
481,Yanliang,CN,2021-08-13 02:10:10,34.6592,109.2292,294.21,87,100,1.63
482,Itirapina,BR,2021-08-13 02:10:10,-22.2528,-47.8228,285.77,90,32,5.09
483,Vardo,NO,2021-08-13 02:10:10,70.3705,31.1107,283.8,91,100,3.2
484,Praxedis Guerrero,MX,2021-08-13 02:10:11,31.3667,-106.0167,296.85,49,30,6.23
485,La Ronge,CA,2021-08-13 02:10:11,55.1001,-105.2842,288.41,51,51,1.92
486,Uarini,BR,2021-08-13 02:10:11,-2.99,-65.1083,297.58,70,11,1.31
487,Gewane,ET,2021-08-13 02:10:12,10.1664,40.6453,296.93,72,81,1.35
488,Wilmington,US,2021-08-13 02:09:34,34.2257,-77.9447,301.43,81,1,3.6
489,Bodo,NO,2021-08-13 02:10:12,67.28,14.405,285.8,95,75,1.03
490,Sao Joao Da Barra,BR,2021-08-13 02:10:13,-21.6403,-41.0511,293.81,88,57,4.33
491,Saint-Andre-Avellin,CA,2021-08-13 02:10:13,45.7168,-75.066,296.95,88,51,1.13
492,Fengzhen,CN,2021-08-13 02:10:13,40.4394,113.1536,296.59,47,5,1.7
493,Iquique,CL,2021-08-13 02:10:13,-20.2208,-70.1431,289.17,79,37,2.14
494,Peniche,PT,2021-08-13 02:10:14,39.3558,-9.3811,292.86,96,10,5.92
495,Khairpur Nathan Shah,PK,2021-08-13 02:10:14,27.0936,67.7337,305.79,50,57,4.32
496,Maebaru,JP,2021-08-13 02:09:12,33.55,130.2,297.97,94,100,0.58
497,Bechem,GH,2021-08-13 02:10:15,7.0903,-2.025,292.77,99,97,1.25
498,Sao Sebastiao,BR,2021-08-13 02:10:15,-23.76,-45.4097,291.53,95,97,2.97
499,Trencin,SK,2021-08-13 02:08:32,48.8333,18.25,288.91,89,54,1.61
500,Hay River,CA,2021-08-13 02:10:15,60.8156,-115.7999,291.01,62,19,2.84
501,Batagay,RU,2021-08-13 02:10:16,67.6333,134.6333,293.59,52,98,2.95
502,Byron Bay,AU,2021-08-13 02:06:15,-28.65,153.6167,296.41,68,11,4.05
503,Lavrentiya,RU,2021-08-13 02:10:16,65.5833,-171.0,280.27,60,81,4.56
504,Tessalit,ML,2021-08-13 02:10:16,20.1986,1.0114,305.71,40,10,4.58
505,Xinzhou,CN,2021-08-13 02:10:17,38.4092,112.7333,297.97,54,1,0.28
506,Zaporizhzhya,UA,2021-08-13 02:10:17,47.8167,35.1833,291.52,68,0,5.0
507,Lerwick,GB,2021-08-13 02:10:18,60.1545,-1.1494,286.15,89,86,5.52
508,Linxia,CN,2021-08-13 02:10:18,35.6003,103.2064,294.1,46,20,0.5
509,Skelleftea,SE,2021-08-13 02:10:19,64.7507,20.9528,283.35,69,61,1.54
510,Yar-Sale,RU,2021-08-13 02:05:24,66.8333,70.8333,288.37,69,100,4.48
511,Pamyat Parizhskoy Kommuny,RU,2021-08-13 02:10:19,56.1048,44.4952,292.12,57,100,2.19
512,Bagula,IN,2021-08-13 02:10:19,23.3167,88.65,300.58,92,100,2.81
513,Atambua,ID,2021-08-13 02:10:20,-9.1061,124.8925,302.11,48,8,1.9
514,Valparaiso,CL,2021-08-13 02:10:14,-33.0393,-71.6273,283.66,81,90,2.06
515,Adrar,MR,2021-08-13 02:10:20,20.5022,-10.0711,306.58,12,90,7.78
516,Redlands,US,2021-08-13 02:09:28,34.0556,-117.1825,308.51,25,1,1.79
517,Gotsu,JP,2021-08-13 02:10:21,35.0,132.2167,295.67,93,100,5.24
518,Panaba,MX,2021-08-13 02:10:21,21.2833,-88.2667,298.05,89,24,4.01
519,Zhifang,CN,2021-08-13 02:10:21,30.35,114.3167,298.08,98,100,2.14
520,Sundsvall,SE,2021-08-13 02:10:22,62.3913,17.3063,287.57,99,91,2.57
521,Lapa,BR,2021-08-13 02:10:22,-25.7697,-49.7158,281.0,98,100,2.68
522,Vestmannaeyjar,IS,2021-08-13 02:10:22,63.4427,-20.2734,285.33,85,100,1.82
523,Inuvik,CA,2021-08-13 02:10:23,68.3499,-133.7218,284.57,93,90,1.54
524,Gladstone,AU,2021-08-13 02:10:23,-23.85,151.25,296.11,56,0,6.69
525,Salvador,SV,2021-08-13 02:10:23,13.8333,-88.9167,295.37,95,100,0.4
526,Kuala Terengganu,MY,2021-08-13 02:10:24,5.3302,103.1408,300.92,72,99,2.02
527,Bogorodskoye,RU,2021-08-13 02:10:24,56.55,37.8833,289.14,97,68,3.5
528,Karaton,ID,2021-08-13 02:10:25,-6.3424,106.1045,300.24,59,20,0.41
529,Guerrero Negro,MX,2021-08-13 02:10:25,27.9769,-114.0611,300.41,70,8,5.54
530,Miles City,US,2021-08-13 02:10:25,46.4083,-105.8406,296.69,28,20,1.54
531,Magdagachi,RU,2021-08-13 02:10:25,53.45,125.8,296.2,49,12,2.0
532,Savannah Bight,HN,2021-08-13 02:10:26,16.45,-85.85,302.04,75,84,4.45
533,Winnemucca,US,2021-08-13 02:10:26,40.973,-117.7357,310.18,12,1,2.57
534,Bambanglipuro,ID,2021-08-13 02:10:26,-7.95,110.2833,300.03,77,90,5.22
535,Koraput,IN,2021-08-13 02:10:27,18.8167,82.7167,296.45,84,98,1.43
536,Farafangana,MG,2021-08-13 02:10:27,-22.8167,47.8333,291.1,89,1,1.28
537,Rameswaram,IN,2021-08-13 02:10:28,9.2833,79.3,300.96,76,100,0.93
538,Mtwara,TZ,2021-08-13 02:10:28,-10.2667,40.1833,292.95,89,0,2.83
539,Fare,PF,2021-08-13 02:10:29,-16.7,-151.0167,299.05,72,8,6.18
540,Dodola,ET,2021-08-13 02:10:29,6.9833,39.1833,283.74,90,63,1.04
541,Bilibino,RU,2021-08-13 02:10:29,68.0546,166.4372,292.21,39,100,4.57
542,Mariestad,SE,2021-08-13 02:10:30,58.7097,13.8237,289.54,93,100,2.74
543,Teya,RU,2021-08-13 02:10:30,60.3778,92.6267,289.36,97,100,0.73
544,Kalat,PK,2021-08-13 02:10:30,29.0225,66.5916,294.91,13,75,1.45
545,Pangkalanbuun,ID,2021-08-13 02:10:31,-2.6833,111.6167,300.12,85,61,1.8
546,Liverpool,GB,2021-08-13 02:09:44,53.4106,-2.9779,288.53,76,31,3.13
547,Sakaiminato,JP,2021-08-13 02:10:31,35.55,133.2333,296.11,96,100,8.3
548,Mindelo,CV,2021-08-13 02:10:32,16.8901,-24.9804,297.9,73,20,7.72
549,Prince Rupert,CA,2021-08-13 02:08:18,54.3161,-130.3201,293.56,73,8,0.73
550,Baykit,RU,2021-08-13 02:10:32,61.67,96.37,292.35,67,98,1.6
551,Nizhnevartovsk,RU,2021-08-13 02:10:32,60.9344,76.5531,285.16,87,0,2.0
552,Taubate,BR,2021-08-13 02:10:33,-23.0264,-45.5553,288.49,93,98,0.92
553,Hinton,CA,2021-08-13 02:10:33,53.4001,-117.5857,300.99,41,13,2.14
554,Talcahuano,CL,2021-08-13 02:10:34,-36.7167,-73.1167,282.97,81,90,2.06
555,Hailin,CN,2021-08-13 02:10:34,44.5833,129.4167,287.98,98,100,1.79
556,Chino Valley,US,2021-08-13 02:10:34,34.7575,-112.4538,300.02,87,40,1.54
557,Gold Coast,AU,2021-08-13 02:10:35,-28.0,153.4333,298.4,68,40,0.89
558,Upata,VE,2021-08-13 02:10:35,8.0086,-62.3989,297.7,97,100,0.96
559,Moranbah,AU,2021-08-13 02:10:35,-22.0016,148.0466,297.59,38,0,7.36
560,Bahia De Caraquez,EC,2021-08-13 02:10:35,-0.6,-80.4167,295.13,83,100,3.61
561,Adeje,ES,2021-08-13 02:10:36,28.1227,-16.726,294.76,77,75,1.34
562,Bossangoa,CF,2021-08-13 02:10:36,6.4926,17.4552,293.78,99,94,1.14
563,Husavik,IS,2021-08-13 02:10:36,66.0449,-17.3389,284.0,92,20,0.45
564,Bolshevik,BY,2021-08-13 02:10:37,54.0065,27.5692,286.94,92,10,3.27
565,Kottagudem,IN,2021-08-13 02:10:37,17.55,80.6333,301.44,73,72,1.79
566,Beyneu,KZ,2021-08-13 02:10:37,45.3167,55.2,296.81,40,0,5.76
567,San Jose,US,2021-08-13 02:09:32,37.3394,-121.895,303.55,54,75,3.6
